y_true,y_pred
2.0250919845366373e-12,2.2436860935740768e-12
4.800962806115709e-14,1.1222273235395901e-13
8.14941561040119e-13,9.69758005832608e-13
1.2083450177138803e-14,5.253985443618343e-14
1.9562812228225753e-13,6.891507977245359e-14
3.967630579167759e-13,1.3036599167838496e-13
1.6965637714093826e-12,3.007384689079542e-12
6.094358802344805e-13,1.7679373480064104e-12
1.8240102950119436e-12,7.047305313932696e-13
1.9207994511872945e-13,2.400304227601404e-13
4.8365236665833547e-14,6.969168057383645e-14
3.91534433337509e-13,2.59351241340384e-13
4.289763206626837e-12,1.4156194308773263e-12
2.7703203273973565e-14,7.631232749868721e-14
1.0866329546798446e-13,5.6057623066212196e-14
2.322046560011004e-12,6.2259891414478884e-12
1.4551050163434057e-12,3.8733117118847487e-13
1.5237760196382886e-14,4.6944501466150894e-14
2.9508743340799915e-13,1.7026271657280232e-13
5.144623003830685e-13,6.089483901393611e-13
4.812782851313087e-13,2.4400299197520497e-13
6.297151989002351e-12,3.4646088871303754e-12
7.90732753020789e-12,1.5147845112689524e-12
1.7398823566266921e-12,9.780561479061431e-13
6.941299554586286e-15,3.9404342151677217e-14
1.4355953313419655e-14,4.236893655330995e-14
1.3904797069109878e-12,3.75059236965408e-12
1.8609725640959413e-13,2.789620125957107e-13
1.5456501558532198e-13,6.971351906207538e-14
1.0843176465222476e-12,1.0365273752113391e-12
6.0475891983635585e-12,1.930162593784482e-12
7.758797615338754e-14,5.4034425281939585e-14
8.190383643918146e-13,2.0290493573790704e-12
3.194140699577952e-14,8.698031469149835e-14
2.591551257651511e-13,2.5374533260904743e-13
4.1517977906192675e-12,3.3672864167891397e-12
1.1513098068379744e-11,5.536506342703043e-12
1.0745279576343054e-12,1.0833283941554246e-12
2.3950419893532797e-13,1.9512477883126567e-13
1.3564765092840984e-12,4.533579108810101e-12
2.04624015533316e-13,1.5936625288721878e-13
2.434337808125552e-12,1.0034270217554697e-12
2.1298123477245655e-13,2.0694358121138969e-13
7.268581156512476e-13,6.283106090703107e-13
2.9649049178052034e-13,7.252154792507038e-14
1.0604579751254117e-12,3.3259114525043846e-12
6.208220848649035e-12,6.550238412175797e-12
3.4028142365903337e-12,4.947056778410373e-12
2.6665104493140155e-13,4.79853486725127e-13
8.958997746533694e-13,7.217875609235093e-13
3.0623976506914113e-12,1.7621523782361766e-12
1.34790489530073e-12,3.716007142341409e-12
1.3698296641031833e-12,2.9423192097095174e-12
3.2321560602666583e-13,7.087031457958112e-13
1.6364786430825094e-13,3.4252260014376815e-13
6.612983032524285e-13,4.791630691517662e-13
1.068579379500655e-13,8.642287047049135e-14
5.869665260706785e-13,1.397744443656395e-12
3.3261379733237257e-13,5.762856131158577e-13
7.296498408962288e-13,9.8601151510801e-13
1.4813994591540718e-12,5.732256267577921e-12
4.4091097133660856e-13,1.118300110732275e-12
3.0614069804556224e-13,8.411327901839566e-14
1.713335460457394e-14,3.9836670434571214e-14
5.041536778167373e-13,6.182556441977228e-13
2.266315740939131e-14,6.19904173042138e-14
1.85558211466577e-13,5.463459108762862e-14
2.226724333238595e-12,5.134756426717412e-13
1.6244517290391953e-13,2.781732522627485e-13
1.2628813744847662e-14,4.001016388260607e-14
2.689150178103796e-13,5.544225289166649e-13
4.37592179863612e-13,8.597358253699531e-13
6.803465851687379e-14,1.6943286158513198e-13
2.334816353927148e-12,4.700633076964829e-12
2.8843487395378017e-14,9.049114439514039e-14
1.7962523686869536e-14,6.012095449195526e-14
2.7417349544866235e-12,4.90661694700985e-12
2.688523426038034e-14,5.494957589826821e-14
1.679057264198989e-12,4.252512254775788e-12
1.267310049329785e-11,3.460544976478941e-12
1.305515702540281e-12,4.2971834160982563e-13
1.210702972470425e-13,5.922396161536888e-14
1.0069749447836701e-12,2.7755461315275157e-12
2.345214500700445e-12,1.6720976311954075e-12
1.4914208450997424e-14,4.7435740803447544e-14
1.3489111594509252e-13,1.1948371131000477e-13
1.731026517112473e-13,6.094452767260791e-14
6.942121624592352e-13,1.8112892930214082e-12
8.900229760155888e-13,1.018738662373902e-12
6.120696267423912e-13,1.4241485080787969e-12
1.9890399223983232e-13,1.3645037479183175e-13
1.5267773337484394e-12,5.298171013849425e-12
5.3306408602373006e-14,6.011426770663304e-14
4.870273745663954e-12,2.5294452786444463e-12
2.573731036284255e-12,3.1329357749191695e-12
6.363492333010303e-13,1.558837679834456e-12
1.129958737718375e-13,1.0501402560924235e-13
6.254855915793141e-14,4.6364125679802974e-14
4.632812633258231e-13,6.652781324442564e-13
1.1349364283794514e-12,1.0591805672432631e-12
